{"cameraMode":{"drawMode":0,"name":"Shaded","section":"Shading Mode"},"sceneLighting":false,"audioPlay":false,"sceneViewState":{"m_AlwaysRefresh":false,"showFog":true,"showSkybox":false,"showFlares":true,"showImageEffects":true,"showParticleSystems":true,"showVisualEffectGraphs":true,"m_FxEnabled":true},"in2DMode":false,"pivot":{"x":11.996284484863282,"y":0.9584687352180481,"z":-0.022679388523101808},"rotation":{"x":0.10174588114023209,"y":0.038787536323070529,"z":-0.0039701140485703949,"w":0.9940469264984131},"size":1.8902149200439454,"orthographic":false}