{"cameraMode":{"drawMode":0,"name":"Shaded","section":"Shading Mode"},"sceneLighting":false,"audioPlay":false,"sceneViewState":{"m_AlwaysRefresh":false,"showFog":true,"showSkybox":false,"showFlares":true,"showImageEffects":true,"showParticleSystems":true,"showVisualEffectGraphs":true,"m_FxEnabled":true},"in2DMode":false,"pivot":{"x":9.220000267028809,"y":1.901989221572876,"z":1.1920928955078126e-7},"rotation":{"x":-0.09883854538202286,"y":-0.0041832453571259979,"z":0.0004159269155934453,"w":-0.9951039552688599},"size":1.0852915048599244,"orthographic":true}